{
  "version": "2022.2",
  "applications": [],
  "platforms": [
    {
      "name": "MCDMA_TB"
    }
  ],
  "systems": [
    {
      "name": "MCDMA_TB_project_system",
      "platform": "E:/Files/Vitis_workspaces/MCDMA_TB_WS/MCDMA_TB/export/MCDMA_TB/MCDMA_TB.xpfm",
      "sysConfig": "MCDMA_TB",
      "buildConfig": "Debug",
      "applications": [
        {
          "name": "MCDMA_TB_project",
          "platform": "E:/Files/Vitis_workspaces/MCDMA_TB_WS/MCDMA_TB/export/MCDMA_TB/MCDMA_TB.xpfm",
          "platformPath": "E:\\Files\\Vitis_workspaces\\MCDMA_TB_WS\\MCDMA_TB\\export\\MCDMA_TB",
          "sysConfig": "MCDMA_TB",
          "domain": "standalone_domain",
          "system": "MCDMA_TB_project_system"
        }
      ],
      "platformPath": "E:\\Files\\Vitis_workspaces\\MCDMA_TB_WS\\MCDMA_TB\\export\\MCDMA_TB"
    }
  ],
  "others": []
}